triplet;count;deepcount;avg
aAa;112;510;4.553571428571429
aAt;141;370;2.624113475177305
aAg;64;224;3.5
aAc;108;327;3.0277777777777777
aTa;76;226;2.973684210526316
aTt;109;289;2.6513761467889907
aTg;53;135;2.547169811320755
aTc;68;171;2.514705882352941
aGa;42;120;2.857142857142857
aGt;42;115;2.738095238095238
aGg;58;236;4.068965517241379
aGc;77;183;2.3766233766233764
aCa;95;257;2.705263157894737
aCt;82;213;2.597560975609756
aCg;27;62;2.2962962962962963
aCc;70;173;2.4714285714285715
tAa;180;1260;7.0
tAt;195;756;3.876923076923077
tAg;139;919;6.611510791366906
tAc;134;569;4.246268656716418
tTa;110;284;2.581818181818182
tTt;88;196;2.227272727272727
tTg;53;156;2.943396226415094
tTc;110;375;3.409090909090909
tGa;79;386;4.886075949367089
tGt;55;262;4.763636363636364
tGg;64;376;5.875
tGc;47;201;4.276595744680851
tCa;131;453;3.4580152671755724
tCt;109;318;2.9174311926605503
tCg;33;130;3.9393939393939394
tCc;107;396;3.7009345794392523
gAa;114;1065;9.342105263157896
gAt;98;586;5.979591836734694
gAg;77;912;11.844155844155845
gAc;69;356;5.159420289855072
gTa;70;434;6.2
gTt;72;303;4.208333333333333
gTg;30;177;5.9
gTc;49;163;3.326530612244898
gGa;91;780;8.571428571428571
gGt;51;533;10.450980392156863
gGg;40;352;8.8
gGc;49;237;4.836734693877551
gCa;69;364;5.27536231884058
gCt;80;300;3.75
gCg;16;156;9.75
gCc;110;341;3.1
cAa;198;1833;9.257575757575758
cAt;242;1484;6.132231404958677
cAg;119;1239;10.411764705882353
cAc;170;1043;6.135294117647059
cTa;229;1211;5.288209606986899
cTt;148;429;2.8986486486486487
cTg;79;421;5.329113924050633
cTc;133;498;3.744360902255639
cGa;34;232;6.823529411764706
cGt;37;275;7.4324324324324325
cGg;40;439;10.975
cGc;40;167;4.175
cCa;150;788;5.253333333333333
cCt;186;700;3.763440860215054
cCg;37;204;5.513513513513513
cCc;134;551;4.111940298507463
