triplet;count;deepcount;avg
aAa;120;571;4.758333333333334
aAt;146;386;2.643835616438356
aAg;65;226;3.476923076923077
aAc;113;338;2.9911504424778763
aTa;81;247;3.049382716049383
aTt;117;309;2.641025641025641
aTg;57;142;2.491228070175439
aTc;73;177;2.4246575342465753
aGa;43;124;2.883720930232558
aGt;45;122;2.7111111111111112
aGg;60;238;3.966666666666667
aGc;78;184;2.358974358974359
aCa;102;265;2.5980392156862746
aCt;83;214;2.5783132530120483
aCg;29;67;2.310344827586207
aCc;75;193;2.5733333333333333
tAa;189;1319;6.978835978835979
tAt;208;804;3.8653846153846154
tAg;145;971;6.696551724137931
tAc;142;641;4.514084507042254
tTa;114;291;2.5526315789473686
tTt;91;199;2.1868131868131866
tTg;55;167;3.036363636363636
tTc;115;383;3.3304347826086955
tGa;83;414;4.9879518072289155
tGt;59;274;4.6440677966101696
tGg;69;393;5.695652173913044
tGc;50;204;4.08
tCa;137;463;3.3795620437956204
tCt;116;331;2.853448275862069
tCg;35;133;3.8
tCc;114;415;3.6403508771929824
gAa;116;1071;9.232758620689655
gAt;99;595;6.01010101010101
gAg;77;912;11.844155844155845
gAc;75;371;4.946666666666666
gTa;74;444;6.0
gTt;75;314;4.1866666666666665
gTg;33;187;5.666666666666667
gTc;55;183;3.327272727272727
gGa;93;785;8.440860215053764
gGt;58;591;10.189655172413794
gGg;45;382;8.488888888888889
gGc;52;247;4.75
gCa;71;379;5.338028169014085
gCt;83;308;3.710843373493976
gCg;17;158;9.294117647058824
gCc;116;365;3.146551724137931
cAa;212;1966;9.273584905660377
cAt;264;1610;6.098484848484849
cAg;125;1250;10.0
cAc;177;1102;6.2259887005649714
cTa;238;1270;5.336134453781512
cTt;152;439;2.888157894736842
cTg;82;431;5.2560975609756095
cTc;139;516;3.712230215827338
cGa;35;235;6.714285714285714
cGt;39;282;7.230769230769231
cGg;43;454;10.55813953488372
cGc;44;179;4.068181818181818
cCa;162;850;5.246913580246914
cCt;193;724;3.7512953367875648
cCg;40;215;5.375
cCc;147;624;4.244897959183674
