triplet;orig;count;deepcount;avg
tTt;aAa;269;661;2.45724907063197
aTt;aAt;138;388;2.8115942028985508
cTt;aAg;149;602;4.040268456375839
gTt;aAc;358;2002;5.592178770949721
tAt;aTa;213;1375;6.455399061032864
aAt;aTt;138;571;4.13768115942029
cAt;aTg;131;1312;10.01526717557252
gAt;aTc;237;2034;8.582278481012658
tCt;aGa;101;376;3.722772277227723
aCt;aGt;55;93;1.690909090909091
cCt;aGg;122;509;4.172131147540983
gCt;aGc;193;1142;5.917098445595855
tGt;aCa;250;2196;8.784
aGt;aCt;151;724;4.7947019867549665
cGt;aCg;95;1651;17.378947368421052
gGt;aCc;287;3807;13.264808362369338
tTa;tAa;217;758;3.493087557603687
aTa;tAt;129;384;2.9767441860465116
cTa;tAg;184;1507;8.190217391304348
gTa;tAc;203;1688;8.31527093596059
tAa;tTa;193;1581;8.191709844559586
aAa;tTt;93;421;4.526881720430108
cAa;tTg;78;1710;21.923076923076923
gAa;tTc;185;3308;17.88108108108108
tCa;tGa;122;710;5.819672131147541
aCa;tGt;56;136;2.4285714285714284
cCa;tGg;63;767;12.174603174603174
gCa;tGc;74;890;12.027027027027026
tGa;tCa;217;1801;8.299539170506913
aGa;tCt;120;495;4.125
cGa;tCg;63;1039;16.49206349206349
gGa;tCc;178;2247;12.623595505617978
tTc;gAa;114;419;3.675438596491228
aTc;gAt;40;125;3.125
cTc;gAg;94;452;4.808510638297872
gTc;gAc;108;762;7.055555555555555
tAc;gTa;89;738;8.292134831460674
aAc;gTt;31;110;3.5483870967741935
cAc;gTg;40;273;6.825
gAc;gTc;51;444;8.705882352941176
tCc;gGa;88;466;5.295454545454546
aCc;gGt;26;64;2.4615384615384617
cCc;gGg;34;151;4.4411764705882355
gCc;gGc;58;502;8.655172413793103
tGc;gCa;96;818;8.520833333333334
aGc;gCt;45;170;3.7777777777777777
cGc;gCg;16;205;12.8125
gGc;gCc;148;1723;11.641891891891891
tTg;cAa;227;990;4.361233480176211
aTg;cAt;143;372;2.6013986013986012
cTg;cAg;143;1228;8.587412587412587
gTg;cAc;231;1931;8.35930735930736
tAg;cTa;266;2992;11.24812030075188
aAg;cTt;118;683;5.788135593220339
cAg;cTg;96;2185;22.760416666666668
gAg;cTc;166;3306;19.91566265060241
tCg;cGa;58;320;5.517241379310345
aCg;cGt;29;88;3.0344827586206895
cCg;cGg;44;506;11.5
gCg;cGc;57;886;15.543859649122806
tGg;cCa;268;2619;9.772388059701493
aGg;cCt;168;644;3.8333333333333335
cGg;cCg;55;1343;24.418181818181818
gGg;cCc;213;3051;14.32394366197183
