triplet;orig;count;deepcount;avg
tTt;aAa;281;718;2.5551601423487544
aTt;aAt;150;538;3.5866666666666664
cTt;aAg;159;672;4.226415094339623
gTt;aAc;379;2227;5.875989445910291
tAt;aTa;231;1559;6.748917748917749
aAt;aTt;141;582;4.127659574468085
cAt;aTg;146;1920;13.150684931506849
gAt;aTc;252;2664;10.571428571428571
tCt;aGa;106;422;3.981132075471698
aCt;aGt;59;107;1.8135593220338984
cCt;aGg;127;528;4.15748031496063
gCt;aGc;199;1203;6.045226130653266
tGt;aCa;267;2532;9.48314606741573
aGt;aCt;159;779;4.89937106918239
cGt;aCg;98;1717;17.520408163265305
gGt;aCc;300;4471;14.903333333333334
tTa;tAa;233;860;3.6909871244635193
aTa;tAt;144;503;3.4930555555555554
cTa;tAg;190;1548;8.147368421052631
gTa;tAc;211;1856;8.796208530805687
tAa;tTa;204;1653;8.102941176470589
aAa;tTt;95;569;5.989473684210527
cAa;tTg;81;2904;35.851851851851855
gAa;tTc;191;3499;18.319371727748692
tCa;tGa;130;752;5.7846153846153845
aCa;tGt;61;185;3.0327868852459017
cCa;tGg;69;1183;17.144927536231883
gCa;tGc;80;1133;14.1625
tGa;tCa;231;2028;8.779220779220779
aGa;tCt;130;727;5.592307692307692
cGa;tCg;67;1654;24.686567164179106
gGa;tCc;184;2864;15.565217391304348
tTc;gAa;120;427;3.558333333333333
aTc;gAt;41;155;3.7804878048780486
cTc;gAg;94;452;4.808510638297872
gTc;gAc;115;819;7.121739130434783
tAc;gTa;95;803;8.452631578947368
aAc;gTt;34;132;3.8823529411764706
cAc;gTg;43;341;7.930232558139535
gAc;gTc;59;521;8.830508474576272
tCc;gGa;90;482;5.355555555555555
aCc;gGt;34;87;2.5588235294117645
cCc;gGg;39;368;9.435897435897436
gCc;gGc;60;567;9.45
tGc;gCa;101;828;8.198019801980198
aGc;gCt;47;173;3.6808510638297873
cGc;gCg;17;239;14.058823529411764
gGc;gCc;155;2397;15.464516129032258
tTg;cAa;237;1154;4.8691983122362865
aTg;cAt;159;458;2.880503144654088
cTg;cAg;150;1408;9.386666666666667
gTg;cAc;239;2072;8.669456066945607
tAg;cTa;277;3072;11.090252707581227
aAg;cTt;126;977;7.753968253968254
cAg;cTg;101;2459;24.346534653465348
gAg;cTc;177;3942;22.271186440677965
tCg;cGa;59;337;5.711864406779661
aCg;cGt;33;124;3.757575757575758
cCg;cGg;47;691;14.702127659574469
gCg;cGc;60;1428;23.8
tGg;cCa;285;3083;10.817543859649122
aGg;cCt;176;664;3.772727272727273
cGg;cCg;60;2339;38.983333333333334
gGg;cCc;236;4489;19.021186440677965
